"rule";"max";"prod";"sum"
"accuracy";"0.41333333333333333";"0.64";"0.5733333333333334"
"accuracy_per";"41.333";"64.0";"57.333"
