"rule";"max";"prod";"sum"
"accuracy";"0.28";"0.25333333333333335";"0.4266666666666667"
"accuracy_per";"28.0";"25.333";"42.667"
