"rule";"max";"prod";"sum"
"accuracy";"0.6133333333333333";"0.72";"0.6933333333333334"
"accuracy_per";"61.333";"72.0";"69.333"
