"rule";"max";"prod";"sum"
"accuracy";"0.6133333333333333";"0.7333333333333333";"0.72"
"accuracy_per";"61.333";"73.333";"72.0"
