"rule";"max";"prod";"sum"
"accuracy";"0.9584775086505191";"0.9584775086505191";"0.9584775086505191"
"accuracy_per";"95.848";"95.848";"95.848"
