"rule";"max";"prod";"sum"
"accuracy";"0.4266666666666667";"0.30666666666666664";"0.4666666666666667"
"accuracy_per";"42.667";"30.667";"46.667"
