"rule";"max";"prod";"sum"
"accuracy";"0.6533333333333333";"0.7466666666666667";"0.7066666666666667"
"accuracy_per";"65.333";"74.667";"70.667"
