"rule";"max";"prod";"sum"
"accuracy";"0.38666666666666666";"0.3466666666666667";"0.48"
"accuracy_per";"38.667";"34.667";"48.0"
