"rule";"max";"prod";"sum"
"accuracy";"0.64";"0.5733333333333334";"0.6266666666666667"
"accuracy_per";"64.0";"57.333";"62.667"
