"rule";"max";"prod";"sum"
"accuracy";"0.56";"0.7866666666666666";"0.7733333333333333"
"accuracy_per";"56.0";"78.667";"77.333"
