"rule";"max";"prod";"sum"
"accuracy";"0.3333333333333333";"0.30666666666666664";"0.5866666666666667"
"accuracy_per";"33.333";"30.667";"58.667"
