"rule";"max";"prod";"sum"
"accuracy";"0.5066666666666667";"0.72";"0.6933333333333334"
"accuracy_per";"50.667";"72.0";"69.333"
