"rule";"max";"prod";"sum"
"accuracy";"0.986159169550173";"0.986159169550173";"0.986159169550173"
"accuracy_per";"98.616";"98.616";"98.616"
