"rule";"max";"prod";"sum"
"accuracy";"0.6";"0.5066666666666667";"0.6533333333333333"
"accuracy_per";"60.0";"50.667";"65.333"
