"rule";"max";"prod";"sum"
"accuracy";"0.49333333333333335";"0.32";"0.5066666666666667"
"accuracy_per";"49.333";"32.0";"50.667"
