"rule";"max";"prod";"sum"
"accuracy";"0.6133333333333333";"0.56";"0.5733333333333334"
"accuracy_per";"61.333";"56.0";"57.333"
