"rule";"max";"prod";"sum"
"accuracy";"0.8666666666666667";"0.9466666666666667";"0.9466666666666667"
"accuracy_per";"86.667";"94.667";"94.667"
