"rule";"max";"prod";"sum"
"accuracy";"0.6533333333333333";"0.5733333333333334";"0.6666666666666666"
"accuracy_per";"65.333";"57.333";"66.667"
