"rule";"max";"prod";"sum"
"accuracy";"0.6133333333333333";"0.5466666666666666";"0.7066666666666667"
"accuracy_per";"61.333";"54.667";"70.667"
