"rule";"max";"prod";"sum"
"accuracy";"0.5866666666666667";"0.8666666666666667";"0.84"
"accuracy_per";"58.667";"86.667";"84.0"
