"rule";"max";"prod";"sum"
"accuracy";"0.56";"0.30666666666666664";"0.5466666666666666"
"accuracy_per";"56.0";"30.667";"54.667"
