"rule";"max";"prod";"sum"
"accuracy";"0.5866666666666667";"0.48";"0.7733333333333333"
"accuracy_per";"58.667";"48.0";"77.333"
