"rule";"max";"prod";"sum"
"accuracy";"0.72";"0.9066666666666666";"0.9066666666666666"
"accuracy_per";"72.0";"90.667";"90.667"
