"rule";"max";"prod";"sum"
"accuracy";"0.6266666666666667";"0.68";"0.6533333333333333"
"accuracy_per";"62.667";"68.0";"65.333"
