"rule";"max";"prod";"sum"
"accuracy";"0.9655172413793104";"0.9655172413793104";"0.9655172413793104"
"accuracy_per";"96.552";"96.552";"96.552"
