"rule";"max";"prod";"sum"
"accuracy";"0.41333333333333333";"0.28";"0.41333333333333333"
"accuracy_per";"41.333";"28.0";"41.333"
