"rule";"max";"prod";"sum"
"accuracy";"0.64";"0.4666666666666667";"0.6533333333333333"
"accuracy_per";"64.0";"46.667";"65.333"
