"rule";"max";"prod";"sum"
"accuracy";"0.9930795847750865";"0.9930795847750865";"0.9930795847750865"
"accuracy_per";"99.308";"99.308";"99.308"
