"rule";"max";"prod";"sum"
"accuracy";"0.48";"0.3466666666666667";"0.4533333333333333"
"accuracy_per";"48.0";"34.667";"45.333"
