"rule";"max";"prod";"sum"
"accuracy";"0.49333333333333335";"0.28";"0.4533333333333333"
"accuracy_per";"49.333";"28.0";"45.333"
