"rule";"max";"prod";"sum"
"accuracy";"0.64";"0.5733333333333334";"0.6533333333333333"
"accuracy_per";"64.0";"57.333";"65.333"
