"rule";"max";"prod";"sum"
"accuracy";"0.7333333333333333";"0.68";"0.7333333333333333"
"accuracy_per";"73.333";"68.0";"73.333"
