"rule";"max";"prod";"sum"
"accuracy";"0.28";"0.26666666666666666";"0.49333333333333335"
"accuracy_per";"28.0";"26.667";"49.333"
