"rule";"max";"prod";"sum"
"accuracy";"0.5466666666666666";"0.5066666666666667";"0.5066666666666667"
"accuracy_per";"54.667";"50.667";"50.667"
