"rule";"max";"prod";"sum"
"accuracy";"0.6666666666666666";"0.76";"0.7733333333333333"
"accuracy_per";"66.667";"76.0";"77.333"
