"rule";"max";"prod";"sum"
"accuracy";"0.6133333333333333";"0.72";"0.7333333333333333"
"accuracy_per";"61.333";"72.0";"73.333"
