"rule";"max";"prod";"sum"
"accuracy";"0.6";"0.6133333333333333";"0.6666666666666666"
"accuracy_per";"60.0";"61.333";"66.667"
