"rule";"max";"prod";"sum"
"accuracy";"0.6533333333333333";"0.64";"0.6933333333333334"
"accuracy_per";"65.333";"64.0";"69.333"
