"rule";"max";"prod";"sum"
"accuracy";"0.8266666666666667";"0.8666666666666667";"0.88"
"accuracy_per";"82.667";"86.667";"88.0"
