"rule";"max";"prod";"sum"
"accuracy";"0.4533333333333333";"0.21333333333333335";"0.5733333333333334"
"accuracy_per";"45.333";"21.333";"57.333"
