"rule";"max";"prod";"sum"
"accuracy";"0.7333333333333333";"0.6266666666666667";"0.84"
"accuracy_per";"73.333";"62.667";"84.0"
