"rule";"max";"prod";"sum"
"accuracy";"0.64";"0.7466666666666667";"0.7333333333333333"
"accuracy_per";"64.0";"74.667";"73.333"
