"rule";"max";"prod";"sum"
"accuracy";"0.49333333333333335";"0.49333333333333335";"0.49333333333333335"
"accuracy_per";"49.333";"49.333";"49.333"
