"rule";"max";"prod";"sum"
"accuracy";"0.4666666666666667";"0.25333333333333335";"0.6"
"accuracy_per";"46.667";"25.333";"60.0"
