"rule";"max";"prod";"sum"
"accuracy";"0.36";"0.29333333333333333";"0.5066666666666667"
"accuracy_per";"36.0";"29.333";"50.667"
