"rule";"max";"prod";"sum"
"accuracy";"0.7866666666666666";"0.8266666666666667";"0.84"
"accuracy_per";"78.667";"82.667";"84.0"
