"rule";"max";"prod";"sum"
"accuracy";"0.37333333333333335";"0.30666666666666664";"0.5466666666666666"
"accuracy_per";"37.333";"30.667";"54.667"
