"rule";"max";"prod";"sum"
"accuracy";"0.5466666666666666";"0.48";"0.5733333333333334"
"accuracy_per";"54.667";"48.0";"57.333"
