"rule";"max";"prod";"sum"
"accuracy";"0.4666666666666667";"0.6266666666666667";"0.5466666666666666"
"accuracy_per";"46.667";"62.667";"54.667"
