"rule";"max";"prod";"sum"
"accuracy";"0.76";"0.7866666666666666";"0.7866666666666666"
"accuracy_per";"76.0";"78.667";"78.667"
