"rule";"max";"prod";"sum"
"accuracy";"0.6133333333333333";"0.68";"0.6666666666666666"
"accuracy_per";"61.333";"68.0";"66.667"
