"rule";"max";"prod";"sum"
"accuracy";"0.4266666666666667";"0.24";"0.4666666666666667"
"accuracy_per";"42.667";"24.0";"46.667"
