"rule";"max";"prod";"sum"
"accuracy";"0.52";"0.29333333333333333";"0.49333333333333335"
"accuracy_per";"52.0";"29.333";"49.333"
