"rule";"max";"prod";"sum"
"accuracy";"0.72";"0.6533333333333333";"0.6533333333333333"
"accuracy_per";"72.0";"65.333";"65.333"
