"rule";"max";"prod";"sum"
"accuracy";"0.38666666666666666";"0.44";"0.6266666666666667"
"accuracy_per";"38.667";"44.0";"62.667"
