"rule";"max";"prod";"sum"
"accuracy";"0.6933333333333334";"0.8133333333333334";"0.8"
"accuracy_per";"69.333";"81.333";"80.0"
