"rule";"max";"prod";"sum"
"accuracy";"0.4266666666666667";"0.25333333333333335";"0.4533333333333333"
"accuracy_per";"42.667";"25.333";"45.333"
