"rule";"max";"prod";"sum"
"accuracy";"0.6933333333333334";"0.6933333333333334";"0.6933333333333334"
"accuracy_per";"69.333";"69.333";"69.333"
