"rule";"max";"prod";"sum"
"accuracy";"0.5066666666666667";"0.29333333333333333";"0.38666666666666666"
"accuracy_per";"50.667";"29.333";"38.667"
