"rule";"max";"prod";"sum"
"accuracy";"0.5466666666666666";"0.48";"0.6666666666666666"
"accuracy_per";"54.667";"48.0";"66.667"
