"rule";"max";"prod";"sum"
"accuracy";"0.72";"0.7333333333333333";"0.7466666666666667"
"accuracy_per";"72.0";"73.333";"74.667"
