"rule";"max";"prod";"sum"
"accuracy";"0.7333333333333333";"0.8133333333333334";"0.8"
"accuracy_per";"73.333";"81.333";"80.0"
