"rule";"max";"prod";"sum"
"accuracy";"0.6666666666666666";"0.6933333333333334";"0.72"
"accuracy_per";"66.667";"69.333";"72.0"
