"rule";"max";"prod";"sum"
"accuracy";"0.68";"0.7466666666666667";"0.6933333333333334"
"accuracy_per";"68.0";"74.667";"69.333"
