"rule";"max";"prod";"sum"
"accuracy";"0.5333333333333333";"0.22666666666666666";"0.5866666666666667"
"accuracy_per";"53.333";"22.667";"58.667"
