"rule";"max";"prod";"sum"
"accuracy";"0.76";"0.8666666666666667";"0.8533333333333334"
"accuracy_per";"76.0";"86.667";"85.333"
