"rule";"max";"prod";"sum"
"accuracy";"0.49333333333333335";"0.3333333333333333";"0.48"
"accuracy_per";"49.333";"33.333";"48.0"
