"rule";"max";"prod";"sum"
"accuracy";"0.5866666666666667";"0.7333333333333333";"0.72"
"accuracy_per";"58.667";"73.333";"72.0"
