"rule";"max";"prod";"sum"
"accuracy";"0.7733333333333333";"0.8";"0.7866666666666666"
"accuracy_per";"77.333";"80.0";"78.667"
