"rule";"max";"prod";"sum"
"accuracy";"0.7066666666666667";"0.6133333333333333";"0.7066666666666667"
"accuracy_per";"70.667";"61.333";"70.667"
