"rule";"max";"prod";"sum"
"accuracy";"0.49333333333333335";"0.41333333333333333";"0.5866666666666667"
"accuracy_per";"49.333";"41.333";"58.667"
