"rule";"max";"prod";"sum"
"accuracy";"0.4533333333333333";"0.36";"0.49333333333333335"
"accuracy_per";"45.333";"36.0";"49.333"
