"rule";"max";"prod";"sum"
"accuracy";"0.6266666666666667";"0.6133333333333333";"0.6266666666666667"
"accuracy_per";"62.667";"61.333";"62.667"
