"rule";"max";"prod";"sum"
"accuracy";"0.49333333333333335";"0.37333333333333335";"0.5333333333333333"
"accuracy_per";"49.333";"37.333";"53.333"
