"rule";"max";"prod";"sum"
"accuracy";"0.7333333333333333";"0.9333333333333333";"0.9466666666666667"
"accuracy_per";"73.333";"93.333";"94.667"
