"rule";"max";"prod";"sum"
"accuracy";"0.8133333333333334";"0.7066666666666667";"0.8266666666666667"
"accuracy_per";"81.333";"70.667";"82.667"
