"rule";"max";"prod";"sum"
"accuracy";"0.5866666666666667";"0.7066666666666667";"0.72"
"accuracy_per";"58.667";"70.667";"72.0"
