"rule";"max";"prod";"sum"
"accuracy";"0.5466666666666666";"0.4266666666666667";"0.6266666666666667"
"accuracy_per";"54.667";"42.667";"62.667"
