"rule";"max";"prod";"sum"
"accuracy";"0.8533333333333334";"0.84";"0.8666666666666667"
"accuracy_per";"85.333";"84.0";"86.667"
