"rule";"max";"prod";"sum"
"accuracy";"0.4266666666666667";"0.26666666666666666";"0.4266666666666667"
"accuracy_per";"42.667";"26.667";"42.667"
