"rule";"max";"prod";"sum"
"accuracy";"0.4666666666666667";"0.5333333333333333";"0.6666666666666666"
"accuracy_per";"46.667";"53.333";"66.667"
