"rule";"max";"prod";"sum"
"accuracy";"0.38666666666666666";"0.24";"0.3333333333333333"
"accuracy_per";"38.667";"24.0";"33.333"
