"rule";"max";"prod";"sum"
"accuracy";"0.4533333333333333";"0.25333333333333335";"0.5066666666666667"
"accuracy_per";"45.333";"25.333";"50.667"
