"rule";"max";"prod";"sum"
"accuracy";"0.52";"0.6666666666666666";"0.6933333333333334"
"accuracy_per";"52.0";"66.667";"69.333"
