"rule";"max";"prod";"sum"
"accuracy";"0.5333333333333333";"0.30666666666666664";"0.49333333333333335"
"accuracy_per";"53.333";"30.667";"49.333"
