"rule";"max";"prod";"sum"
"accuracy";"0.6266666666666667";"0.56";"0.6266666666666667"
"accuracy_per";"62.667";"56.0";"62.667"
