"rule";"max";"prod";"sum"
"accuracy";"0.30666666666666664";"0.29333333333333333";"0.48"
"accuracy_per";"30.667";"29.333";"48.0"
