"rule";"max";"prod";"sum"
"accuracy";"0.6533333333333333";"0.7733333333333333";"0.72"
"accuracy_per";"65.333";"77.333";"72.0"
