"rule";"max";"prod";"sum"
"accuracy";"0.48";"0.3466666666666667";"0.6266666666666667"
"accuracy_per";"48.0";"34.667";"62.667"
