"rule";"max";"prod";"sum"
"accuracy";"0.49333333333333335";"0.38666666666666666";"0.52"
"accuracy_per";"49.333";"38.667";"52.0"
