"rule";"max";"prod";"sum"
"accuracy";"0.3466666666666667";"0.25333333333333335";"0.49333333333333335"
"accuracy_per";"34.667";"25.333";"49.333"
