"rule";"max";"prod";"sum"
"accuracy";"0.7066666666666667";"0.6666666666666666";"0.72"
"accuracy_per";"70.667";"66.667";"72.0"
