"rule";"max";"prod";"sum"
"accuracy";"0.72";"0.8133333333333334";"0.8533333333333334"
"accuracy_per";"72.0";"81.333";"85.333"
