"rule";"max";"prod";"sum"
"accuracy";"0.64";"0.6666666666666666";"0.7066666666666667"
"accuracy_per";"64.0";"66.667";"70.667"
