"rule";"max";"prod";"sum"
"accuracy";"0.8266666666666667";"0.8666666666666667";"0.8666666666666667"
"accuracy_per";"82.667";"86.667";"86.667"
