"rule";"max";"prod";"sum"
"accuracy";"0.38666666666666666";"0.24";"0.4666666666666667"
"accuracy_per";"38.667";"24.0";"46.667"
