"rule";"max";"prod";"sum"
"accuracy";"0.36";"0.26666666666666666";"0.5733333333333334"
"accuracy_per";"36.0";"26.667";"57.333"
