"rule";"max";"prod";"sum"
"accuracy";"0.5333333333333333";"0.6933333333333334";"0.72"
"accuracy_per";"53.333";"69.333";"72.0"
