"rule";"max";"prod";"sum"
"accuracy";"0.4666666666666667";"0.21333333333333335";"0.6266666666666667"
"accuracy_per";"46.667";"21.333";"62.667"
