"rule";"max";"prod";"sum"
"accuracy";"0.6533333333333333";"0.56";"0.6266666666666667"
"accuracy_per";"65.333";"56.0";"62.667"
