"rule";"max";"prod";"sum"
"accuracy";"0.5733333333333334";"0.6266666666666667";"0.6533333333333333"
"accuracy_per";"57.333";"62.667";"65.333"
