"rule";"max";"prod";"sum"
"accuracy";"0.72";"0.6933333333333334";"0.7333333333333333"
"accuracy_per";"72.0";"69.333";"73.333"
