"rule";"max";"prod";"sum"
"accuracy";"0.4";"0.30666666666666664";"0.5066666666666667"
"accuracy_per";"40.0";"30.667";"50.667"
