"rule";"max";"prod";"sum"
"accuracy";"0.30666666666666664";"0.22666666666666666";"0.5333333333333333"
"accuracy_per";"30.667";"22.667";"53.333"
