"rule";"max";"prod";"sum"
"accuracy";"0.52";"0.29333333333333333";"0.5466666666666666"
"accuracy_per";"52.0";"29.333";"54.667"
