"rule";"max";"prod";"sum"
"accuracy";"0.6666666666666666";"0.72";"0.6933333333333334"
"accuracy_per";"66.667";"72.0";"69.333"
