"rule";"max";"prod";"sum"
"accuracy";"0.48";"0.4266666666666667";"0.5466666666666666"
"accuracy_per";"48.0";"42.667";"54.667"
