"rule";"max";"prod";"sum"
"accuracy";"0.56";"0.5333333333333333";"0.5466666666666666"
"accuracy_per";"56.0";"53.333";"54.667"
