"rule";"max";"prod";"sum"
"accuracy";"0.4266666666666667";"0.6533333333333333";"0.6533333333333333"
"accuracy_per";"42.667";"65.333";"65.333"
