"rule";"max";"prod";"sum"
"accuracy";"0.37333333333333335";"0.30666666666666664";"0.4266666666666667"
"accuracy_per";"37.333";"30.667";"42.667"
