"rule";"max";"prod";"sum"
"accuracy";"0.32";"0.30666666666666664";"0.38666666666666666"
"accuracy_per";"32.0";"30.667";"38.667"
