"rule";"max";"prod";"sum"
"accuracy";"0.7066666666666667";"0.8";"0.7866666666666666"
"accuracy_per";"70.667";"80.0";"78.667"
