"rule";"max";"prod";"sum"
"accuracy";"0.4533333333333333";"0.38666666666666666";"0.6133333333333333"
"accuracy_per";"45.333";"38.667";"61.333"
