"rule";"max";"prod";"sum"
"accuracy";"0.8533333333333334";"0.88";"0.9066666666666666"
"accuracy_per";"85.333";"88.0";"90.667"
