"rule";"max";"prod";"sum"
"accuracy";"0.64";"0.5866666666666667";"0.7733333333333333"
"accuracy_per";"64.0";"58.667";"77.333"
