"rule";"max";"prod";"sum"
"accuracy";"0.8133333333333334";"0.8133333333333334";"0.8266666666666667"
"accuracy_per";"81.333";"81.333";"82.667"
