"rule";"max";"prod";"sum"
"accuracy";"0.4533333333333333";"0.3466666666666667";"0.38666666666666666"
"accuracy_per";"45.333";"34.667";"38.667"
