"rule";"max";"prod";"sum"
"accuracy";"0.3333333333333333";"0.26666666666666666";"0.52"
"accuracy_per";"33.333";"26.667";"52.0"
