"rule";"max";"prod";"sum"
"accuracy";"0.56";"0.37333333333333335";"0.5733333333333334"
"accuracy_per";"56.0";"37.333";"57.333"
