"rule";"max";"prod";"sum"
"accuracy";"0.5066666666666667";"0.3466666666666667";"0.48"
"accuracy_per";"50.667";"34.667";"48.0"
