"rule";"max";"prod";"sum"
"accuracy";"0.6666666666666666";"0.6666666666666666";"0.6666666666666666"
"accuracy_per";"66.667";"66.667";"66.667"
