"rule";"max";"prod";"sum"
"accuracy";"0.56";"0.49333333333333335";"0.5066666666666667"
"accuracy_per";"56.0";"49.333";"50.667"
