"rule";"max";"prod";"sum"
"accuracy";"0.38666666666666666";"0.22666666666666666";"0.5066666666666667"
"accuracy_per";"38.667";"22.667";"50.667"
