"rule";"max";"prod";"sum"
"accuracy";"0.7733333333333333";"0.7466666666666667";"0.8"
"accuracy_per";"77.333";"74.667";"80.0"
