"rule";"max";"prod";"sum"
"accuracy";"0.4533333333333333";"0.4666666666666667";"0.5866666666666667"
"accuracy_per";"45.333";"46.667";"58.667"
