"rule";"max";"prod";"sum"
"accuracy";"0.41333333333333333";"0.21333333333333335";"0.48"
"accuracy_per";"41.333";"21.333";"48.0"
