"rule";"max";"prod";"sum"
"accuracy";"0.3333333333333333";"0.24";"0.5733333333333334"
"accuracy_per";"33.333";"24.0";"57.333"
