"rule";"max";"prod";"sum"
"accuracy";"0.44";"0.30666666666666664";"0.5066666666666667"
"accuracy_per";"44.0";"30.667";"50.667"
