"rule";"max";"prod";"sum"
"accuracy";"0.6266666666666667";"0.49333333333333335";"0.6266666666666667"
"accuracy_per";"62.667";"49.333";"62.667"
