"rule";"max";"prod";"sum"
"accuracy";"0.9480968858131488";"0.9480968858131488";"0.9480968858131488"
"accuracy_per";"94.81";"94.81";"94.81"
