"rule";"max";"prod";"sum"
"accuracy";"0.6";"0.5466666666666666";"0.6133333333333333"
"accuracy_per";"60.0";"54.667";"61.333"
