"rule";"max";"prod";"sum"
"accuracy";"0.6266666666666667";"0.6666666666666666";"0.7466666666666667"
"accuracy_per";"62.667";"66.667";"74.667"
