"rule";"max";"prod";"sum"
"accuracy";"0.44";"0.30666666666666664";"0.4533333333333333"
"accuracy_per";"44.0";"30.667";"45.333"
