"rule";"max";"prod";"sum"
"accuracy";"0.4266666666666667";"0.52";"0.7466666666666667"
"accuracy_per";"42.667";"52.0";"74.667"
