"rule";"max";"prod";"sum"
"accuracy";"0.5066666666666667";"0.4666666666666667";"0.52"
"accuracy_per";"50.667";"46.667";"52.0"
