"rule";"max";"prod";"sum"
"accuracy";"0.8133333333333334";"0.8";"0.7866666666666666"
"accuracy_per";"81.333";"80.0";"78.667"
