"rule";"max";"prod";"sum"
"accuracy";"0.3466666666666667";"0.24";"0.5066666666666667"
"accuracy_per";"34.667";"24.0";"50.667"
