"rule";"max";"prod";"sum"
"accuracy";"0.4533333333333333";"0.49333333333333335";"0.49333333333333335"
"accuracy_per";"45.333";"49.333";"49.333"
