"rule";"max";"prod";"sum"
"accuracy";"0.7466666666666667";"0.8133333333333334";"0.8"
"accuracy_per";"74.667";"81.333";"80.0"
