"rule";"max";"prod";"sum"
"accuracy";"0.5733333333333334";"0.72";"0.7333333333333333"
"accuracy_per";"57.333";"72.0";"73.333"
