"rule";"max";"prod";"sum"
"accuracy";"0.4266666666666667";"0.8266666666666667";"0.76"
"accuracy_per";"42.667";"82.667";"76.0"
