"rule";"max";"prod";"sum"
"accuracy";"0.52";"0.30666666666666664";"0.4266666666666667"
"accuracy_per";"52.0";"30.667";"42.667"
