"rule";"max";"prod";"sum"
"accuracy";"0.8";"0.7466666666666667";"0.8133333333333334"
"accuracy_per";"80.0";"74.667";"81.333"
