"rule";"max";"prod";"sum"
"accuracy";"0.68";"0.49333333333333335";"0.6933333333333334"
"accuracy_per";"68.0";"49.333";"69.333"
