"rule";"max";"prod";"sum"
"accuracy";"0.6";"0.6266666666666667";"0.6133333333333333"
"accuracy_per";"60.0";"62.667";"61.333"
