"rule";"max";"prod";"sum"
"accuracy";"0.32";"0.30666666666666664";"0.41333333333333333"
"accuracy_per";"32.0";"30.667";"41.333"
