"rule";"max";"prod";"sum"
"accuracy";"0.7333333333333333";"0.7466666666666667";"0.76"
"accuracy_per";"73.333";"74.667";"76.0"
