"rule";"max";"prod";"sum"
"accuracy";"0.5066666666666667";"0.28";"0.49333333333333335"
"accuracy_per";"50.667";"28.0";"49.333"
