"rule";"max";"prod";"sum"
"accuracy";"0.41333333333333333";"0.3333333333333333";"0.44"
"accuracy_per";"41.333";"33.333";"44.0"
