"rule";"max";"prod";"sum"
"accuracy";"0.5866666666666667";"0.6266666666666667";"0.6"
"accuracy_per";"58.667";"62.667";"60.0"
