"rule";"max";"prod";"sum"
"accuracy";"0.6666666666666666";"0.7866666666666666";"0.7466666666666667"
"accuracy_per";"66.667";"78.667";"74.667"
