"rule";"max";"prod";"sum"
"accuracy";"0.7333333333333333";"0.7066666666666667";"0.72"
"accuracy_per";"73.333";"70.667";"72.0"
