"rule";"max";"prod";"sum"
"accuracy";"0.6666666666666666";"0.6133333333333333";"0.64"
"accuracy_per";"66.667";"61.333";"64.0"
