"rule";"max";"prod";"sum"
"accuracy";"0.6666666666666666";"0.7066666666666667";"0.6933333333333334"
"accuracy_per";"66.667";"70.667";"69.333"
