"rule";"max";"prod";"sum"
"accuracy";"0.4666666666666667";"0.32";"0.4666666666666667"
"accuracy_per";"46.667";"32.0";"46.667"
