"rule";"max";"prod";"sum"
"accuracy";"0.5866666666666667";"0.72";"0.7066666666666667"
"accuracy_per";"58.667";"72.0";"70.667"
