"rule";"max";"prod";"sum"
"accuracy";"0.8533333333333334";"0.88";"0.8933333333333333"
"accuracy_per";"85.333";"88.0";"89.333"
