"rule";"max";"prod";"sum"
"accuracy";"0.6533333333333333";"0.6533333333333333";"0.6533333333333333"
"accuracy_per";"65.333";"65.333";"65.333"
