"rule";"max";"prod";"sum"
"accuracy";"0.7733333333333333";"0.8266666666666667";"0.8266666666666667"
"accuracy_per";"77.333";"82.667";"82.667"
