"rule";"max";"prod";"sum"
"accuracy";"0.4666666666666667";"0.24";"0.41333333333333333"
"accuracy_per";"46.667";"24.0";"41.333"
