"rule";"max";"prod";"sum"
"accuracy";"0.4533333333333333";"0.28";"0.5733333333333334"
"accuracy_per";"45.333";"28.0";"57.333"
