"rule";"max";"prod";"sum"
"accuracy";"0.4266666666666667";"0.25333333333333335";"0.64"
"accuracy_per";"42.667";"25.333";"64.0"
