"rule";"max";"prod";"sum"
"accuracy";"0.64";"0.6933333333333334";"0.7066666666666667"
"accuracy_per";"64.0";"69.333";"70.667"
