"rule";"max";"prod";"sum"
"accuracy";"0.5866666666666667";"0.49333333333333335";"0.6133333333333333"
"accuracy_per";"58.667";"49.333";"61.333"
