"rule";"max";"prod";"sum"
"accuracy";"0.7333333333333333";"0.4533333333333333";"0.76"
"accuracy_per";"73.333";"45.333";"76.0"
