"rule";"max";"prod";"sum"
"accuracy";"0.6933333333333334";"0.7066666666666667";"0.7066666666666667"
"accuracy_per";"69.333";"70.667";"70.667"
