"rule";"max";"prod";"sum"
"accuracy";"0.6266666666666667";"0.72";"0.7066666666666667"
"accuracy_per";"62.667";"72.0";"70.667"
