"rule";"max";"prod";"sum"
"accuracy";"0.44";"0.18666666666666668";"0.5466666666666666"
"accuracy_per";"44.0";"18.667";"54.667"
