"rule";"max";"prod";"sum"
"accuracy";"0.5466666666666666";"0.4533333333333333";"0.48"
"accuracy_per";"54.667";"45.333";"48.0"
