"rule";"max";"prod";"sum"
"accuracy";"0.7466666666666667";"0.7866666666666666";"0.7733333333333333"
"accuracy_per";"74.667";"78.667";"77.333"
