"rule";"max";"prod";"sum"
"accuracy";"0.6533333333333333";"0.76";"0.7333333333333333"
"accuracy_per";"65.333";"76.0";"73.333"
