"rule";"max";"prod";"sum"
"accuracy";"0.6133333333333333";"0.68";"0.6533333333333333"
"accuracy_per";"61.333";"68.0";"65.333"
