"rule";"max";"prod";"sum"
"accuracy";"0.6266666666666667";"0.7466666666666667";"0.7066666666666667"
"accuracy_per";"62.667";"74.667";"70.667"
