"rule";"max";"prod";"sum"
"accuracy";"0.5466666666666666";"0.7466666666666667";"0.7466666666666667"
"accuracy_per";"54.667";"74.667";"74.667"
