"rule";"max";"prod";"sum"
"accuracy";"0.4266666666666667";"0.76";"0.7333333333333333"
"accuracy_per";"42.667";"76.0";"73.333"
