"rule";"max";"prod";"sum"
"accuracy";"0.7866666666666666";"0.8533333333333334";"0.8666666666666667"
"accuracy_per";"78.667";"85.333";"86.667"
