"rule";"max";"prod";"sum"
"accuracy";"0.8666666666666667";"0.88";"0.8933333333333333"
"accuracy_per";"86.667";"88.0";"89.333"
