"rule";"max";"prod";"sum"
"accuracy";"0.6933333333333334";"0.7866666666666666";"0.8133333333333334"
"accuracy_per";"69.333";"78.667";"81.333"
