"rule";"max";"prod";"sum"
"accuracy";"0.7066666666666667";"0.7733333333333333";"0.7466666666666667"
"accuracy_per";"70.667";"77.333";"74.667"
