"rule";"max";"prod";"sum"
"accuracy";"0.64";"0.7333333333333333";"0.6933333333333334"
"accuracy_per";"64.0";"73.333";"69.333"
