"rule";"max";"prod";"sum"
"accuracy";"0.41333333333333333";"0.6666666666666666";"0.68"
"accuracy_per";"41.333";"66.667";"68.0"
