"rule";"max";"prod";"sum"
"accuracy";"0.48";"0.25333333333333335";"0.4533333333333333"
"accuracy_per";"48.0";"25.333";"45.333"
