"rule";"max";"prod";"sum"
"accuracy";"0.7466666666666667";"0.7066666666666667";"0.8133333333333334"
"accuracy_per";"74.667";"70.667";"81.333"
