"rule";"max";"prod";"sum"
"accuracy";"0.7066666666666667";"0.5866666666666667";"0.7466666666666667"
"accuracy_per";"70.667";"58.667";"74.667"
