"rule";"max";"prod";"sum"
"accuracy";"0.64";"0.5866666666666667";"0.6933333333333334"
"accuracy_per";"64.0";"58.667";"69.333"
