"rule";"max";"prod";"sum"
"accuracy";"0.9793103448275862";"0.9793103448275862";"0.9793103448275862"
"accuracy_per";"97.931";"97.931";"97.931"
