"rule";"max";"prod";"sum"
"accuracy";"0.7066666666666667";"0.5733333333333334";"0.6533333333333333"
"accuracy_per";"70.667";"57.333";"65.333"
