"rule";"max";"prod";"sum"
"accuracy";"0.9446366782006921";"0.9446366782006921";"0.9446366782006921"
"accuracy_per";"94.464";"94.464";"94.464"
