"rule";"max";"prod";"sum"
"accuracy";"0.4533333333333333";"0.30666666666666664";"0.38666666666666666"
"accuracy_per";"45.333";"30.667";"38.667"
