"rule";"max";"prod";"sum"
"accuracy";"0.7333333333333333";"0.88";"0.8533333333333334"
"accuracy_per";"73.333";"88.0";"85.333"
