"rule";"max";"prod";"sum"
"accuracy";"0.44";"0.5066666666666667";"0.6933333333333334"
"accuracy_per";"44.0";"50.667";"69.333"
