"rule";"max";"prod";"sum"
"accuracy";"0.5733333333333334";"0.49333333333333335";"0.6266666666666667"
"accuracy_per";"57.333";"49.333";"62.667"
