"rule";"max";"prod";"sum"
"accuracy";"0.7466666666666667";"0.7333333333333333";"0.7466666666666667"
"accuracy_per";"74.667";"73.333";"74.667"
