"rule";"max";"prod";"sum"
"accuracy";"0.5733333333333334";"0.6666666666666666";"0.6666666666666666"
"accuracy_per";"57.333";"66.667";"66.667"
