"rule";"max";"prod";"sum"
"accuracy";"0.5866666666666667";"0.5466666666666666";"0.64"
"accuracy_per";"58.667";"54.667";"64.0"
