"rule";"max";"prod";"sum"
"accuracy";"0.8533333333333334";"0.8266666666666667";"0.84"
"accuracy_per";"85.333";"82.667";"84.0"
