"rule";"max";"prod";"sum"
"accuracy";"0.4266666666666667";"0.24";"0.49333333333333335"
"accuracy_per";"42.667";"24.0";"49.333"
