"rule";"max";"prod";"sum"
"accuracy";"0.68";"0.6666666666666666";"0.7333333333333333"
"accuracy_per";"68.0";"66.667";"73.333"
