"rule";"max";"prod";"sum"
"accuracy";"0.6266666666666667";"0.5066666666666667";"0.72"
"accuracy_per";"62.667";"50.667";"72.0"
