"rule";"max";"prod";"sum"
"accuracy";"0.6666666666666666";"0.8266666666666667";"0.8"
"accuracy_per";"66.667";"82.667";"80.0"
