"rule";"max";"prod";"sum"
"accuracy";"0.72";"0.8266666666666667";"0.8133333333333334"
"accuracy_per";"72.0";"82.667";"81.333"
