"rule";"max";"prod";"sum"
"accuracy";"0.44";"0.22666666666666666";"0.5333333333333333"
"accuracy_per";"44.0";"22.667";"53.333"
