"rule";"max";"prod";"sum"
"accuracy";"0.5733333333333334";"0.4";"0.6266666666666667"
"accuracy_per";"57.333";"40.0";"62.667"
