"rule";"max";"prod";"sum"
"accuracy";"0.5466666666666666";"0.49333333333333335";"0.52"
"accuracy_per";"54.667";"49.333";"52.0"
