"rule";"max";"prod";"sum"
"accuracy";"0.5333333333333333";"0.49333333333333335";"0.56"
"accuracy_per";"53.333";"49.333";"56.0"
