"rule";"max";"prod";"sum"
"accuracy";"0.49333333333333335";"0.7333333333333333";"0.7066666666666667"
"accuracy_per";"49.333";"73.333";"70.667"
