"rule";"max";"prod";"sum"
"accuracy";"0.56";"0.6133333333333333";"0.6266666666666667"
"accuracy_per";"56.0";"61.333";"62.667"
