"rule";"max";"prod";"sum"
"accuracy";"0.5466666666666666";"0.5866666666666667";"0.6933333333333334"
"accuracy_per";"54.667";"58.667";"69.333"
