"rule";"max";"prod";"sum"
"accuracy";"0.4666666666666667";"0.29333333333333333";"0.52"
"accuracy_per";"46.667";"29.333";"52.0"
