"rule";"max";"prod";"sum"
"accuracy";"0.8896551724137931";"0.8896551724137931";"0.8896551724137931"
"accuracy_per";"88.966";"88.966";"88.966"
