"rule";"max";"prod";"sum"
"accuracy";"0.4666666666666667";"0.4666666666666667";"0.5333333333333333"
"accuracy_per";"46.667";"46.667";"53.333"
