"rule";"max";"prod";"sum"
"accuracy";"0.6266666666666667";"0.72";"0.7333333333333333"
"accuracy_per";"62.667";"72.0";"73.333"
