"rule";"max";"prod";"sum"
"accuracy";"0.7066666666666667";"0.6933333333333334";"0.72"
"accuracy_per";"70.667";"69.333";"72.0"
