"rule";"max";"prod";"sum"
"accuracy";"0.903448275862069";"0.903448275862069";"0.903448275862069"
"accuracy_per";"90.345";"90.345";"90.345"
