"rule";"max";"prod";"sum"
"accuracy";"0.5333333333333333";"0.6666666666666666";"0.6933333333333334"
"accuracy_per";"53.333";"66.667";"69.333"
