"rule";"max";"prod";"sum"
"accuracy";"0.8133333333333334";"0.8533333333333334";"0.8533333333333334"
"accuracy_per";"81.333";"85.333";"85.333"
