"rule";"max";"prod";"sum"
"accuracy";"0.903114186851211";"0.903114186851211";"0.903114186851211"
"accuracy_per";"90.311";"90.311";"90.311"
