"rule";"max";"prod";"sum"
"accuracy";"0.6533333333333333";"0.7733333333333333";"0.7466666666666667"
"accuracy_per";"65.333";"77.333";"74.667"
