"rule";"max";"prod";"sum"
"accuracy";"0.6266666666666667";"0.5733333333333334";"0.5733333333333334"
"accuracy_per";"62.667";"57.333";"57.333"
