"rule";"max";"prod";"sum"
"accuracy";"0.4533333333333333";"0.37333333333333335";"0.48"
"accuracy_per";"45.333";"37.333";"48.0"
