"rule";"max";"prod";"sum"
"accuracy";"0.6";"0.5333333333333333";"0.6666666666666666"
"accuracy_per";"60.0";"53.333";"66.667"
