"rule";"max";"prod";"sum"
"accuracy";"0.7066666666666667";"0.8133333333333334";"0.76"
"accuracy_per";"70.667";"81.333";"76.0"
