"rule";"max";"prod";"sum"
"accuracy";"0.6933333333333334";"0.8";"0.7733333333333333"
"accuracy_per";"69.333";"80.0";"77.333"
