"rule";"max";"prod";"sum"
"accuracy";"0.5866666666666667";"0.6533333333333333";"0.64"
"accuracy_per";"58.667";"65.333";"64.0"
