"rule";"max";"prod";"sum"
"accuracy";"0.4533333333333333";"0.7466666666666667";"0.72"
"accuracy_per";"45.333";"74.667";"72.0"
