"rule";"max";"prod";"sum"
"accuracy";"0.7866666666666666";"0.7733333333333333";"0.8133333333333334"
"accuracy_per";"78.667";"77.333";"81.333"
