"rule";"max";"prod";"sum"
"accuracy";"0.32";"0.26666666666666666";"0.49333333333333335"
"accuracy_per";"32.0";"26.667";"49.333"
