"rule";"max";"prod";"sum"
"accuracy";"0.4666666666666667";"0.18666666666666668";"0.52"
"accuracy_per";"46.667";"18.667";"52.0"
