"rule";"max";"prod";"sum"
"accuracy";"0.3466666666666667";"0.18666666666666668";"0.5866666666666667"
"accuracy_per";"34.667";"18.667";"58.667"
