"rule";"max";"prod";"sum"
"accuracy";"0.6666666666666666";"0.5733333333333334";"0.68"
"accuracy_per";"66.667";"57.333";"68.0"
