"rule";"max";"prod";"sum"
"accuracy";"0.4533333333333333";"0.7066666666666667";"0.6933333333333334"
"accuracy_per";"45.333";"70.667";"69.333"
