"rule";"max";"prod";"sum"
"accuracy";"0.4533333333333333";"0.52";"0.5733333333333334"
"accuracy_per";"45.333";"52.0";"57.333"
