"rule";"max";"prod";"sum"
"accuracy";"0.6266666666666667";"0.7066666666666667";"0.76"
"accuracy_per";"62.667";"70.667";"76.0"
