"rule";"max";"prod";"sum"
"accuracy";"0.3333333333333333";"0.25333333333333335";"0.48"
"accuracy_per";"33.333";"25.333";"48.0"
