"rule";"max";"prod";"sum"
"accuracy";"0.49333333333333335";"0.30666666666666664";"0.52"
"accuracy_per";"49.333";"30.667";"52.0"
