"rule";"max";"prod";"sum"
"accuracy";"0.7333333333333333";"0.7333333333333333";"0.7333333333333333"
"accuracy_per";"73.333";"73.333";"73.333"
