"rule";"max";"prod";"sum"
"accuracy";"0.32";"0.25333333333333335";"0.4666666666666667"
"accuracy_per";"32.0";"25.333";"46.667"
