"rule";"max";"prod";"sum"
"accuracy";"0.9377162629757786";"0.9377162629757786";"0.9377162629757786"
"accuracy_per";"93.772";"93.772";"93.772"
