"rule";"max";"prod";"sum"
"accuracy";"0.7733333333333333";"0.8666666666666667";"0.8666666666666667"
"accuracy_per";"77.333";"86.667";"86.667"
