"rule";"max";"prod";"sum"
"accuracy";"0.5466666666666666";"0.6266666666666667";"0.6666666666666666"
"accuracy_per";"54.667";"62.667";"66.667"
