"rule";"max";"prod";"sum"
"accuracy";"0.68";"0.7733333333333333";"0.7333333333333333"
"accuracy_per";"68.0";"77.333";"73.333"
