"rule";"max";"prod";"sum"
"accuracy";"0.6933333333333334";"0.76";"0.7466666666666667"
"accuracy_per";"69.333";"76.0";"74.667"
