"rule";"max";"prod";"sum"
"accuracy";"0.52";"0.5333333333333333";"0.6266666666666667"
"accuracy_per";"52.0";"53.333";"62.667"
