"rule";"max";"prod";"sum"
"accuracy";"0.6933333333333334";"0.8";"0.8266666666666667"
"accuracy_per";"69.333";"80.0";"82.667"
