"rule";"max";"prod";"sum"
"accuracy";"0.6533333333333333";"0.7866666666666666";"0.7466666666666667"
"accuracy_per";"65.333";"78.667";"74.667"
