"rule";"max";"prod";"sum"
"accuracy";"0.6533333333333333";"0.6";"0.6533333333333333"
"accuracy_per";"65.333";"60.0";"65.333"
