"rule";"max";"prod";"sum"
"accuracy";"0.7333333333333333";"0.72";"0.7466666666666667"
"accuracy_per";"73.333";"72.0";"74.667"
