"rule";"max";"prod";"sum"
"accuracy";"0.5866666666666667";"0.5733333333333334";"0.5866666666666667"
"accuracy_per";"58.667";"57.333";"58.667"
