"rule";"max";"prod";"sum"
"accuracy";"0.9413793103448276";"0.9413793103448276";"0.9413793103448276"
"accuracy_per";"94.138";"94.138";"94.138"
