"rule";"max";"prod";"sum"
"accuracy";"0.30666666666666664";"0.28";"0.49333333333333335"
"accuracy_per";"30.667";"28.0";"49.333"
