"rule";"max";"prod";"sum"
"accuracy";"0.9172413793103448";"0.9172413793103448";"0.9172413793103448"
"accuracy_per";"91.724";"91.724";"91.724"
