"rule";"max";"prod";"sum"
"accuracy";"0.5333333333333333";"0.6133333333333333";"0.7466666666666667"
"accuracy_per";"53.333";"61.333";"74.667"
