"rule";"max";"prod";"sum"
"accuracy";"0.4266666666666667";"0.49333333333333335";"0.5733333333333334"
"accuracy_per";"42.667";"49.333";"57.333"
