"rule";"max";"prod";"sum"
"accuracy";"0.6133333333333333";"0.56";"0.5866666666666667"
"accuracy_per";"61.333";"56.0";"58.667"
