"rule";"max";"prod";"sum"
"accuracy";"0.5733333333333334";"0.7333333333333333";"0.7333333333333333"
"accuracy_per";"57.333";"73.333";"73.333"
