"rule";"max";"prod";"sum"
"accuracy";"0.64";"0.6666666666666666";"0.6666666666666666"
"accuracy_per";"64.0";"66.667";"66.667"
