"rule";"max";"prod";"sum"
"accuracy";"0.30666666666666664";"0.2";"0.4533333333333333"
"accuracy_per";"30.667";"20.0";"45.333"
