"rule";"max";"prod";"sum"
"accuracy";"0.38666666666666666";"0.26666666666666666";"0.48"
"accuracy_per";"38.667";"26.667";"48.0"
