"rule";"max";"prod";"sum"
"accuracy";"0.7866666666666666";"0.8133333333333334";"0.7866666666666666"
"accuracy_per";"78.667";"81.333";"78.667"
