"rule";"max";"prod";"sum"
"accuracy";"0.916955017301038";"0.916955017301038";"0.916955017301038"
"accuracy_per";"91.696";"91.696";"91.696"
