"rule";"max";"prod";"sum"
"accuracy";"0.49333333333333335";"0.5333333333333333";"0.5733333333333334"
"accuracy_per";"49.333";"53.333";"57.333"
