"rule";"max";"prod";"sum"
"accuracy";"0.6133333333333333";"0.76";"0.7066666666666667"
"accuracy_per";"61.333";"76.0";"70.667"
