"rule";"max";"prod";"sum"
"accuracy";"0.41333333333333333";"0.25333333333333335";"0.5333333333333333"
"accuracy_per";"41.333";"25.333";"53.333"
