"rule";"max";"prod";"sum"
"accuracy";"0.5466666666666666";"0.37333333333333335";"0.56"
"accuracy_per";"54.667";"37.333";"56.0"
