"rule";"max";"prod";"sum"
"accuracy";"0.5733333333333334";"0.30666666666666664";"0.5066666666666667"
"accuracy_per";"57.333";"30.667";"50.667"
