"rule";"max";"prod";"sum"
"accuracy";"0.3466666666666667";"0.3333333333333333";"0.48"
"accuracy_per";"34.667";"33.333";"48.0"
