"rule";"max";"prod";"sum"
"accuracy";"0.7466666666666667";"0.84";"0.8266666666666667"
"accuracy_per";"74.667";"84.0";"82.667"
