"rule";"max";"prod";"sum"
"accuracy";"0.4266666666666667";"0.29333333333333333";"0.41333333333333333"
"accuracy_per";"42.667";"29.333";"41.333"
