"rule";"max";"prod";"sum"
"accuracy";"0.4";"0.17333333333333334";"0.4266666666666667"
"accuracy_per";"40.0";"17.333";"42.667"
