"rule";"max";"prod";"sum"
"accuracy";"0.6533333333333333";"0.49333333333333335";"0.7066666666666667"
"accuracy_per";"65.333";"49.333";"70.667"
