"rule";"max";"prod";"sum"
"accuracy";"0.6933333333333334";"0.7333333333333333";"0.72"
"accuracy_per";"69.333";"73.333";"72.0"
