"rule";"max";"prod";"sum"
"accuracy";"0.7466666666666667";"0.8133333333333334";"0.8266666666666667"
"accuracy_per";"74.667";"81.333";"82.667"
