"rule";"max";"prod";"sum"
"accuracy";"0.30666666666666664";"0.25333333333333335";"0.56"
"accuracy_per";"30.667";"25.333";"56.0"
