"rule";"max";"prod";"sum"
"accuracy";"0.41333333333333333";"0.26666666666666666";"0.4266666666666667"
"accuracy_per";"41.333";"26.667";"42.667"
