"rule";"max";"prod";"sum"
"accuracy";"0.5733333333333334";"0.3333333333333333";"0.6666666666666666"
"accuracy_per";"57.333";"33.333";"66.667"
