"rule";"max";"prod";"sum"
"accuracy";"0.56";"0.8533333333333334";"0.8266666666666667"
"accuracy_per";"56.0";"85.333";"82.667"
