"rule";"max";"prod";"sum"
"accuracy";"0.6";"0.5866666666666667";"0.5733333333333334"
"accuracy_per";"60.0";"58.667";"57.333"
