"rule";"max";"prod";"sum"
"accuracy";"0.6266666666666667";"0.64";"0.6933333333333334"
"accuracy_per";"62.667";"64.0";"69.333"
