"rule";"max";"prod";"sum"
"accuracy";"0.4533333333333333";"0.26666666666666666";"0.48"
"accuracy_per";"45.333";"26.667";"48.0"
