"rule";"max";"prod";"sum"
"accuracy";"0.41333333333333333";"0.30666666666666664";"0.52"
"accuracy_per";"41.333";"30.667";"52.0"
