"rule";"max";"prod";"sum"
"accuracy";"0.6133333333333333";"0.6533333333333333";"0.64"
"accuracy_per";"61.333";"65.333";"64.0"
