"rule";"max";"prod";"sum"
"accuracy";"0.6266666666666667";"0.6533333333333333";"0.8266666666666667"
"accuracy_per";"62.667";"65.333";"82.667"
