"rule";"max";"prod";"sum"
"accuracy";"0.7866666666666666";"0.84";"0.8533333333333334"
"accuracy_per";"78.667";"84.0";"85.333"
