"rule";"max";"prod";"sum"
"accuracy";"0.5466666666666666";"0.3333333333333333";"0.52"
"accuracy_per";"54.667";"33.333";"52.0"
