"rule";"max";"prod";"sum"
"accuracy";"0.41333333333333333";"0.22666666666666666";"0.41333333333333333"
"accuracy_per";"41.333";"22.667";"41.333"
