"rule";"max";"prod";"sum"
"accuracy";"0.5333333333333333";"0.5866666666666667";"0.5866666666666667"
"accuracy_per";"53.333";"58.667";"58.667"
