"rule";"max";"prod";"sum"
"accuracy";"0.44";"0.25333333333333335";"0.49333333333333335"
"accuracy_per";"44.0";"25.333";"49.333"
