"rule";"max";"prod";"sum"
"accuracy";"0.48";"0.4266666666666667";"0.5066666666666667"
"accuracy_per";"48.0";"42.667";"50.667"
