"rule";"max";"prod";"sum"
"accuracy";"0.5733333333333334";"0.5733333333333334";"0.5733333333333334"
"accuracy_per";"57.333";"57.333";"57.333"
