"rule";"max";"prod";"sum"
"accuracy";"0.7066666666666667";"0.6666666666666666";"0.76"
"accuracy_per";"70.667";"66.667";"76.0"
