"rule";"max";"prod";"sum"
"accuracy";"0.5466666666666666";"0.5866666666666667";"0.56"
"accuracy_per";"54.667";"58.667";"56.0"
