"rule";"max";"prod";"sum"
"accuracy";"0.7066666666666667";"0.76";"0.7866666666666666"
"accuracy_per";"70.667";"76.0";"78.667"
