"rule";"max";"prod";"sum"
"accuracy";"0.8133333333333334";"0.8666666666666667";"0.8533333333333334"
"accuracy_per";"81.333";"86.667";"85.333"
