"rule";"max";"prod";"sum"
"accuracy";"0.5466666666666666";"0.64";"0.6533333333333333"
"accuracy_per";"54.667";"64.0";"65.333"
