"rule";"max";"prod";"sum"
"accuracy";"0.5733333333333334";"0.5333333333333333";"0.5466666666666666"
"accuracy_per";"57.333";"53.333";"54.667"
