"rule";"max";"prod";"sum"
"accuracy";"0.5066666666666667";"0.3333333333333333";"0.5066666666666667"
"accuracy_per";"50.667";"33.333";"50.667"
