"rule";"max";"prod";"sum"
"accuracy";"0.6133333333333333";"0.7733333333333333";"0.76"
"accuracy_per";"61.333";"77.333";"76.0"
