"rule";"max";"prod";"sum"
"accuracy";"0.7866666666666666";"0.7066666666666667";"0.76"
"accuracy_per";"78.667";"70.667";"76.0"
