"rule";"max";"prod";"sum"
"accuracy";"0.8";"0.8266666666666667";"0.8266666666666667"
"accuracy_per";"80.0";"82.667";"82.667"
