"rule";"max";"prod";"sum"
"accuracy";"0.64";"0.7066666666666667";"0.7333333333333333"
"accuracy_per";"64.0";"70.667";"73.333"
