"rule";"max";"prod";"sum"
"accuracy";"0.29333333333333333";"0.3333333333333333";"0.41333333333333333"
"accuracy_per";"29.333";"33.333";"41.333"
