"rule";"max";"prod";"sum"
"accuracy";"0.7066666666666667";"0.76";"0.7733333333333333"
"accuracy_per";"70.667";"76.0";"77.333"
