"rule";"max";"prod";"sum"
"accuracy";"0.972318339100346";"0.972318339100346";"0.972318339100346"
"accuracy_per";"97.232";"97.232";"97.232"
