"rule";"max";"prod";"sum"
"accuracy";"0.6";"0.6933333333333334";"0.7333333333333333"
"accuracy_per";"60.0";"69.333";"73.333"
