"rule";"max";"prod";"sum"
"accuracy";"0.4533333333333333";"0.32";"0.5466666666666666"
"accuracy_per";"45.333";"32.0";"54.667"
