"rule";"max";"prod";"sum"
"accuracy";"0.8666666666666667";"0.84";"0.8533333333333334"
"accuracy_per";"86.667";"84.0";"85.333"
