"rule";"max";"prod";"sum"
"accuracy";"0.7066666666666667";"0.6533333333333333";"0.6933333333333334"
"accuracy_per";"70.667";"65.333";"69.333"
