"rule";"max";"prod";"sum"
"accuracy";"0.38666666666666666";"0.38666666666666666";"0.38666666666666666"
"accuracy_per";"38.667";"38.667";"38.667"
