"rule";"max";"prod";"sum"
"accuracy";"0.7733333333333333";"0.8266666666666667";"0.8133333333333334"
"accuracy_per";"77.333";"82.667";"81.333"
