"rule";"max";"prod";"sum"
"accuracy";"0.5333333333333333";"0.6666666666666666";"0.7066666666666667"
"accuracy_per";"53.333";"66.667";"70.667"
