"rule";"max";"prod";"sum"
"accuracy";"0.4";"0.26666666666666666";"0.4666666666666667"
"accuracy_per";"40.0";"26.667";"46.667"
