"rule";"max";"prod";"sum"
"accuracy";"0.7733333333333333";"0.8133333333333334";"0.8533333333333334"
"accuracy_per";"77.333";"81.333";"85.333"
