"rule";"max";"prod";"sum"
"accuracy";"0.38666666666666666";"0.29333333333333333";"0.4266666666666667"
"accuracy_per";"38.667";"29.333";"42.667"
