"rule";"max";"prod";"sum"
"accuracy";"0.5066666666666667";"0.29333333333333333";"0.6133333333333333"
"accuracy_per";"50.667";"29.333";"61.333"
