"rule";"max";"prod";"sum"
"accuracy";"0.56";"0.6533333333333333";"0.6933333333333334"
"accuracy_per";"56.0";"65.333";"69.333"
