"rule";"max";"prod";"sum"
"accuracy";"0.7066666666666667";"0.7333333333333333";"0.76"
"accuracy_per";"70.667";"73.333";"76.0"
