"rule";"max";"prod";"sum"
"accuracy";"0.6933333333333334";"0.7466666666666667";"0.7733333333333333"
"accuracy_per";"69.333";"74.667";"77.333"
