"rule";"max";"prod";"sum"
"accuracy";"0.8";"0.8533333333333334";"0.8666666666666667"
"accuracy_per";"80.0";"85.333";"86.667"
