"rule";"max";"prod";"sum"
"accuracy";"0.64";"0.7066666666666667";"0.7066666666666667"
"accuracy_per";"64.0";"70.667";"70.667"
