"rule";"max";"prod";"sum"
"accuracy";"0.37333333333333335";"0.25333333333333335";"0.4266666666666667"
"accuracy_per";"37.333";"25.333";"42.667"
