"rule";"max";"prod";"sum"
"accuracy";"0.4";"0.3333333333333333";"0.4666666666666667"
"accuracy_per";"40.0";"33.333";"46.667"
