"rule";"max";"prod";"sum"
"accuracy";"0.37333333333333335";"0.4";"0.5733333333333334"
"accuracy_per";"37.333";"40.0";"57.333"
