"rule";"max";"prod";"sum"
"accuracy";"0.32";"0.21333333333333335";"0.4266666666666667"
"accuracy_per";"32.0";"21.333";"42.667"
