"rule";"max";"prod";"sum"
"accuracy";"0.8666666666666667";"0.8933333333333333";"0.9066666666666666"
"accuracy_per";"86.667";"89.333";"90.667"
