"rule";"max";"prod";"sum"
"accuracy";"0.9792387543252595";"0.9792387543252595";"0.9792387543252595"
"accuracy_per";"97.924";"97.924";"97.924"
