"rule";"max";"prod";"sum"
"accuracy";"0.9515570934256056";"0.9515570934256056";"0.9515570934256056"
"accuracy_per";"95.156";"95.156";"95.156"
