"rule";"max";"prod";"sum"
"accuracy";"0.8";"0.8266666666666667";"0.8133333333333334"
"accuracy_per";"80.0";"82.667";"81.333"
