"rule";"max";"prod";"sum"
"accuracy";"0.6933333333333334";"0.72";"0.7333333333333333"
"accuracy_per";"69.333";"72.0";"73.333"
