"rule";"max";"prod";"sum"
"accuracy";"0.5466666666666666";"0.7333333333333333";"0.72"
"accuracy_per";"54.667";"73.333";"72.0"
