"rule";"max";"prod";"sum"
"accuracy";"0.4533333333333333";"0.28";"0.41333333333333333"
"accuracy_per";"45.333";"28.0";"41.333"
