"rule";"max";"prod";"sum"
"accuracy";"0.38666666666666666";"0.21333333333333335";"0.5466666666666666"
"accuracy_per";"38.667";"21.333";"54.667"
