"rule";"max";"prod";"sum"
"accuracy";"0.7466666666666667";"0.6533333333333333";"0.7333333333333333"
"accuracy_per";"74.667";"65.333";"73.333"
