"rule";"max";"prod";"sum"
"accuracy";"0.3466666666666667";"0.29333333333333333";"0.49333333333333335"
"accuracy_per";"34.667";"29.333";"49.333"
