"rule";"max";"prod";"sum"
"accuracy";"0.7066666666666667";"0.8";"0.7733333333333333"
"accuracy_per";"70.667";"80.0";"77.333"
