"rule";"max";"prod";"sum"
"accuracy";"0.68";"0.6266666666666667";"0.7466666666666667"
"accuracy_per";"68.0";"62.667";"74.667"
