"rule";"max";"prod";"sum"
"accuracy";"0.49333333333333335";"0.5466666666666666";"0.7066666666666667"
"accuracy_per";"49.333";"54.667";"70.667"
