"rule";"max";"prod";"sum"
"accuracy";"0.37333333333333335";"0.29333333333333333";"0.5066666666666667"
"accuracy_per";"37.333";"29.333";"50.667"
