"rule";"max";"prod";"sum"
"accuracy";"0.5333333333333333";"0.5333333333333333";"0.5333333333333333"
"accuracy_per";"53.333";"53.333";"53.333"
