"rule";"max";"prod";"sum"
"accuracy";"0.6133333333333333";"0.7866666666666666";"0.8"
"accuracy_per";"61.333";"78.667";"80.0"
