"rule";"max";"prod";"sum"
"accuracy";"0.8";"0.6533333333333333";"0.8933333333333333"
"accuracy_per";"80.0";"65.333";"89.333"
