"rule";"max";"prod";"sum"
"accuracy";"0.9307958477508651";"0.9307958477508651";"0.9307958477508651"
"accuracy_per";"93.08";"93.08";"93.08"
