"rule";"max";"prod";"sum"
"accuracy";"0.4";"0.26666666666666666";"0.5333333333333333"
"accuracy_per";"40.0";"26.667";"53.333"
