"rule";"max";"prod";"sum"
"accuracy";"0.4266666666666667";"0.6133333333333333";"0.6133333333333333"
"accuracy_per";"42.667";"61.333";"61.333"
