"rule";"max";"prod";"sum"
"accuracy";"0.76";"0.8133333333333334";"0.8133333333333334"
"accuracy_per";"76.0";"81.333";"81.333"
