"rule";"max";"prod";"sum"
"accuracy";"0.36";"0.3333333333333333";"0.4266666666666667"
"accuracy_per";"36.0";"33.333";"42.667"
