"rule";"max";"prod";"sum"
"accuracy";"0.5733333333333334";"0.56";"0.6133333333333333"
"accuracy_per";"57.333";"56.0";"61.333"
