"rule";"max";"prod";"sum"
"accuracy";"0.44";"0.22666666666666666";"0.4666666666666667"
"accuracy_per";"44.0";"22.667";"46.667"
