"rule";"max";"prod";"sum"
"accuracy";"0.7066666666666667";"0.8266666666666667";"0.8266666666666667"
"accuracy_per";"70.667";"82.667";"82.667"
