"rule";"max";"prod";"sum"
"accuracy";"0.44";"0.29333333333333333";"0.41333333333333333"
"accuracy_per";"44.0";"29.333";"41.333"
