"rule";"max";"prod";"sum"
"accuracy";"0.8133333333333334";"0.76";"0.8133333333333334"
"accuracy_per";"81.333";"76.0";"81.333"
