"rule";"max";"prod";"sum"
"accuracy";"0.7066666666666667";"0.72";"0.7333333333333333"
"accuracy_per";"70.667";"72.0";"73.333"
