"rule";"max";"prod";"sum"
"accuracy";"0.84";"0.8933333333333333";"0.8666666666666667"
"accuracy_per";"84.0";"89.333";"86.667"
