"rule";"max";"prod";"sum"
"accuracy";"0.6133333333333333";"0.6133333333333333";"0.6133333333333333"
"accuracy_per";"61.333";"61.333";"61.333"
