"rule";"max";"prod";"sum"
"accuracy";"0.9238754325259516";"0.9238754325259516";"0.9238754325259516"
"accuracy_per";"92.388";"92.388";"92.388"
