"rule";"max";"prod";"sum"
"accuracy";"0.6933333333333334";"0.8666666666666667";"0.8533333333333334"
"accuracy_per";"69.333";"86.667";"85.333"
