"rule";"max";"prod";"sum"
"accuracy";"0.49333333333333335";"0.36";"0.5733333333333334"
"accuracy_per";"49.333";"36.0";"57.333"
