"rule";"max";"prod";"sum"
"accuracy";"0.5866666666666667";"0.6533333333333333";"0.6666666666666666"
"accuracy_per";"58.667";"65.333";"66.667"
