"rule";"max";"prod";"sum"
"accuracy";"0.7733333333333333";"0.84";"0.8266666666666667"
"accuracy_per";"77.333";"84.0";"82.667"
