"rule";"max";"prod";"sum"
"accuracy";"0.3333333333333333";"0.21333333333333335";"0.5066666666666667"
"accuracy_per";"33.333";"21.333";"50.667"
