"rule";"max";"prod";"sum"
"accuracy";"0.5466666666666666";"0.28";"0.5466666666666666"
"accuracy_per";"54.667";"28.0";"54.667"
