"rule";"max";"prod";"sum"
"accuracy";"0.6266666666666667";"0.7866666666666666";"0.7866666666666666"
"accuracy_per";"62.667";"78.667";"78.667"
