"rule";"max";"prod";"sum"
"accuracy";"0.7066666666666667";"0.6933333333333334";"0.7333333333333333"
"accuracy_per";"70.667";"69.333";"73.333"
