"rule";"max";"prod";"sum"
"accuracy";"0.5466666666666666";"0.8533333333333334";"0.8533333333333334"
"accuracy_per";"54.667";"85.333";"85.333"
