"rule";"max";"prod";"sum"
"accuracy";"0.29333333333333333";"0.26666666666666666";"0.4266666666666667"
"accuracy_per";"29.333";"26.667";"42.667"
