"rule";"max";"prod";"sum"
"accuracy";"0.36";"0.3466666666666667";"0.49333333333333335"
"accuracy_per";"36.0";"34.667";"49.333"
