"rule";"max";"prod";"sum"
"accuracy";"0.4666666666666667";"0.30666666666666664";"0.52"
"accuracy_per";"46.667";"30.667";"52.0"
