"rule";"max";"prod";"sum"
"accuracy";"0.8266666666666667";"0.8533333333333334";"0.8533333333333334"
"accuracy_per";"82.667";"85.333";"85.333"
