"rule";"max";"prod";"sum"
"accuracy";"0.3333333333333333";"0.17333333333333334";"0.6266666666666667"
"accuracy_per";"33.333";"17.333";"62.667"
