"rule";"max";"prod";"sum"
"accuracy";"0.6666666666666666";"0.84";"0.8933333333333333"
"accuracy_per";"66.667";"84.0";"89.333"
