"rule";"max";"prod";"sum"
"accuracy";"0.4";"0.3466666666666667";"0.5466666666666666"
"accuracy_per";"40.0";"34.667";"54.667"
