"rule";"max";"prod";"sum"
"accuracy";"0.4266666666666667";"0.32";"0.5333333333333333"
"accuracy_per";"42.667";"32.0";"53.333"
