"rule";"max";"prod";"sum"
"accuracy";"0.4266666666666667";"0.30666666666666664";"0.48"
"accuracy_per";"42.667";"30.667";"48.0"
