"rule";"max";"prod";"sum"
"accuracy";"0.30666666666666664";"0.22666666666666666";"0.4266666666666667"
"accuracy_per";"30.667";"22.667";"42.667"
