"rule";"max";"prod";"sum"
"accuracy";"0.4";"0.21333333333333335";"0.5333333333333333"
"accuracy_per";"40.0";"21.333";"53.333"
