"rule";"max";"prod";"sum"
"accuracy";"0.5866666666666667";"0.7733333333333333";"0.7866666666666666"
"accuracy_per";"58.667";"77.333";"78.667"
