"rule";"max";"prod";"sum"
"accuracy";"0.6266666666666667";"0.7333333333333333";"0.7066666666666667"
"accuracy_per";"62.667";"73.333";"70.667"
