"rule";"max";"prod";"sum"
"accuracy";"0.9586206896551724";"0.9586206896551724";"0.9586206896551724"
"accuracy_per";"95.862";"95.862";"95.862"
