"rule";"max";"prod";"sum"
"accuracy";"0.41333333333333333";"0.6266666666666667";"0.5866666666666667"
"accuracy_per";"41.333";"62.667";"58.667"
