"rule";"max";"prod";"sum"
"accuracy";"0.5466666666666666";"0.6533333333333333";"0.6266666666666667"
"accuracy_per";"54.667";"65.333";"62.667"
