"rule";"max";"prod";"sum"
"accuracy";"0.9653979238754326";"0.9653979238754326";"0.9653979238754326"
"accuracy_per";"96.54";"96.54";"96.54"
