"rule";"max";"prod";"sum"
"accuracy";"0.6266666666666667";"0.5333333333333333";"0.7066666666666667"
"accuracy_per";"62.667";"53.333";"70.667"
