"rule";"max";"prod";"sum"
"accuracy";"0.30666666666666664";"0.21333333333333335";"0.49333333333333335"
"accuracy_per";"30.667";"21.333";"49.333"
