"rule";"max";"prod";"sum"
"accuracy";"0.6133333333333333";"0.84";"0.8533333333333334"
"accuracy_per";"61.333";"84.0";"85.333"
