"rule";"max";"prod";"sum"
"accuracy";"0.6533333333333333";"0.7333333333333333";"0.7066666666666667"
"accuracy_per";"65.333";"73.333";"70.667"
