"rule";"max";"prod";"sum"
"accuracy";"0.6133333333333333";"0.7466666666666667";"0.7866666666666666"
"accuracy_per";"61.333";"74.667";"78.667"
