"rule";"max";"prod";"sum"
"accuracy";"0.5466666666666666";"0.72";"0.7333333333333333"
"accuracy_per";"54.667";"72.0";"73.333"
