"rule";"max";"prod";"sum"
"accuracy";"0.3333333333333333";"0.18666666666666668";"0.37333333333333335"
"accuracy_per";"33.333";"18.667";"37.333"
