"rule";"max";"prod";"sum"
"accuracy";"0.7866666666666666";"0.8266666666666667";"0.8266666666666667"
"accuracy_per";"78.667";"82.667";"82.667"
