"rule";"max";"prod";"sum"
"accuracy";"0.5466666666666666";"0.49333333333333335";"0.6133333333333333"
"accuracy_per";"54.667";"49.333";"61.333"
