"rule";"max";"prod";"sum"
"accuracy";"0.7733333333333333";"0.6933333333333334";"0.6933333333333334"
"accuracy_per";"77.333";"69.333";"69.333"
