"rule";"max";"prod";"sum"
"accuracy";"0.4533333333333333";"0.5066666666666667";"0.56"
"accuracy_per";"45.333";"50.667";"56.0"
