"rule";"max";"prod";"sum"
"accuracy";"0.56";"0.4533333333333333";"0.49333333333333335"
"accuracy_per";"56.0";"45.333";"49.333"
