"rule";"max";"prod";"sum"
"accuracy";"0.84";"0.8666666666666667";"0.8133333333333334"
"accuracy_per";"84.0";"86.667";"81.333"
