"rule";"max";"prod";"sum"
"accuracy";"0.6133333333333333";"0.8133333333333334";"0.84"
"accuracy_per";"61.333";"81.333";"84.0"
