"rule";"max";"prod";"sum"
"accuracy";"0.7866666666666666";"0.84";"0.8266666666666667"
"accuracy_per";"78.667";"84.0";"82.667"
