"rule";"max";"prod";"sum"
"accuracy";"0.38666666666666666";"0.25333333333333335";"0.5466666666666666"
"accuracy_per";"38.667";"25.333";"54.667"
