"rule";"max";"prod";"sum"
"accuracy";"0.6666666666666666";"0.68";"0.7066666666666667"
"accuracy_per";"66.667";"68.0";"70.667"
