"rule";"max";"prod";"sum"
"accuracy";"0.48";"0.38666666666666666";"0.5733333333333334"
"accuracy_per";"48.0";"38.667";"57.333"
