"rule";"max";"prod";"sum"
"accuracy";"0.5866666666666667";"0.6933333333333334";"0.68"
"accuracy_per";"58.667";"69.333";"68.0"
