"rule";"max";"prod";"sum"
"accuracy";"0.49333333333333335";"0.6533333333333333";"0.6133333333333333"
"accuracy_per";"49.333";"65.333";"61.333"
