"rule";"max";"prod";"sum"
"accuracy";"0.4666666666666667";"0.21333333333333335";"0.38666666666666666"
"accuracy_per";"46.667";"21.333";"38.667"
