"rule";"max";"prod";"sum"
"accuracy";"0.3466666666666667";"0.25333333333333335";"0.5466666666666666"
"accuracy_per";"34.667";"25.333";"54.667"
