"rule";"max";"prod";"sum"
"accuracy";"0.5466666666666666";"0.18666666666666668";"0.56"
"accuracy_per";"54.667";"18.667";"56.0"
