"rule";"max";"prod";"sum"
"accuracy";"0.37333333333333335";"0.26666666666666666";"0.4"
"accuracy_per";"37.333";"26.667";"40.0"
