"rule";"max";"prod";"sum"
"accuracy";"0.30666666666666664";"0.26666666666666666";"0.52"
"accuracy_per";"30.667";"26.667";"52.0"
