"rule";"max";"prod";"sum"
"accuracy";"0.52";"0.5733333333333334";"0.6133333333333333"
"accuracy_per";"52.0";"57.333";"61.333"
